{
  "config_type": "BaseConfig",
  "dependencies": {
    "example_domain_archive": {
      "cloud_storage_base_folder": "wpr-archives",
      "cloud_storage_bucket": "chromium-telemetry",
      "file_info": {
        "linux_x86_64": {
          "cloud_storage_hash": "5e49b8152e40b5df427a8e73062045ddde2edcb8",
          "download_path": "internal/testing/test_page_sets/data/example_domain_001.wpr"
        },
        "mac_x86_64": {
          "cloud_storage_hash": "5e49b8152e40b5df427a8e73062045ddde2edcb8",
          "download_path": "internal/testing/test_page_sets/data/example_domain_001.wpr"
        },
        "win_AMD64": {
          "cloud_storage_hash": "5e49b8152e40b5df427a8e73062045ddde2edcb8",
          "download_path": "internal/testing/test_page_sets/data/example_domain_001.wpr"
        },
        "win_x86": {
          "cloud_storage_hash": "5e49b8152e40b5df427a8e73062045ddde2edcb8",
          "download_path": "internal/testing/test_page_sets/data/example_domain_001.wpr"
        }
      }
    }
  }
}